id,Name
1,Antonina
2,Chauncey
3,Chantal
4,Merv
5,Noe
6,Audi
7,Brittaney
8,Job
9,Morgan
10,Cassandry
11,Frank
12,Karrah
13,Ethelin
14,Odie
15,Amelie
16,Reagen
17,Hedvig
18,Bourke
19,Chiquita
20,Brena
21,Ezequiel
22,Tomasina
23,Adolphus
24,Pren
25,Julienne
26,Arlana
27,Lorry
28,Anya
29,Rustie
30,Godfry
31,Raddy
32,Claudetta
33,Lillis
34,Salome
35,Leila
36,Glenine
37,Maurene
38,Annalee
39,Orlando
40,Ronnica
41,Lanny
42,Isabelita
43,Kellby
44,Arlene
45,Rosita
46,Alex
47,Amargo
48,Kevin
49,Jamaal
50,Sari
51,Tabbi
52,Mylo
53,Hilliard
54,Natala
55,Jackquelin
56,Marys
57,Manfred
58,Margaux
59,Evey
60,Jaclyn
61,Corella
62,Flore
63,Emmery
64,Aubrie
65,Rodney
66,Ailee
67,Urbanus
68,Rene
69,Dorine
70,Adrian
71,Foster
72,Shana
73,Theobald
74,Kristy
75,Tatum
76,Ulysses
77,Mimi
78,Alysia
79,Gill
80,Galina
81,Ardys
82,Archibaldo
83,Antonella
84,Raphael
85,Adda
86,Lanae
87,Walther
88,Sianna
89,Llewellyn
90,Osmund
91,Zelda
92,Rutger
93,Blinni
94,Cecelia
95,Johnath
96,Walther
97,Yorgos
98,Gaby
99,Frannie
100,Reinaldos
101,Martguerita
102,Jessamyn
103,Analise
104,Callie
105,Benoite
106,Jilleen
107,Sheilah
108,Monroe
109,Hershel
110,Trix
111,Jory
112,Kerrin
113,Alleyn
114,Mellicent
115,Shannah
116,Gaven
117,Sayre
118,Lyndsie
119,Leonora
120,Jordana
121,Lyon
122,Lorne
123,Mariam
124,Manya
125,Anetta
126,Kerk
127,Kylie
128,Antonino
129,Haydon
130,Vi
131,Kain
132,Athena
133,Maressa
134,Brianne
135,Alta
136,Bell
137,Saidee
138,Marketa
139,Margalit
140,Klaus
141,Gwenore
142,Rozina
143,Keriann
144,Anastasia
145,Odetta
146,Clyve
147,Hetty
148,Waldo
149,Nerti
150,Roy
151,Renaud
152,Vaughan
153,Joya
154,Quentin
155,Marietta
156,Audry
157,Caril
158,Chadd
159,Michail
160,Amelina
161,Lorna
162,Murvyn
163,Terrijo
164,Meg
165,Stormie
166,Tatum
167,Harlin
168,Kai
169,Augusto
170,Jeniece
171,Noami
172,Blancha
173,Kip
174,Andros
175,Nancey
176,Daron
177,Cristi
178,Edwina
179,Adorne
180,Joelle
181,Doyle
182,Tiphany
183,Tammie
184,Matty
185,Amabel
186,Diane
187,Sylvia
188,Tiler
189,Katusha
190,Arturo
191,Elwood
192,Anselm
193,Lyell
194,Meris
195,Crysta
196,Brunhilda
197,Finn
198,Jermaine
199,Worthy
200,Chandra
201,Theo
202,Gordon
203,Kelcey
204,Adey
205,Roma
206,Natty
207,Mandie
208,Joyann
209,Barbie
210,Elvira
211,Magdalene
212,Cindi
213,Sigismondo
214,Correy
215,Clem
216,Shina
217,Grady
218,Wanids
219,Desmond
220,Broderick
221,Maribel
222,Free
223,Ainsley
224,Alexandro
225,Franni
226,Kathy
227,Ulla
228,Ambrosius
229,Linn
230,Dallas
231,Liz
232,Athena
233,Lavena
234,Moises
235,Emylee
236,Elaina
237,Jordain
238,North
239,Kalie
240,Andria
241,Talbert
242,Bennie
243,Geraldine
244,Timmy
245,Janella
246,Juliana
247,Ricard
248,Jenny
249,Sheri
250,Larine
251,Valera
252,Buffy
253,Annmaria
254,Shanna
255,Stacey
256,Brunhilde
257,Becka
258,Ede
259,Alyss
260,Ddene
261,Benoit
262,Sydney
263,Mallorie
264,Gennifer
265,Wilma
266,Nelli
267,Sheelagh
268,Ciel
269,Berry
270,Ethe
271,Cameron
272,Gwenneth
273,Leif
274,Caleb
275,Ulysses
276,Reube
277,Dorian
278,Gillie
279,Angeline
280,Annette
281,Babs
282,Stirling
283,Jemmy
284,Xerxes
285,Chester
286,Vivianne
287,Raine
288,Morton
289,Tedd
290,Rod
291,Cosimo
292,Maryjo
293,Lulita
294,Sanford
295,Sheeree
296,Ingaberg
297,Mae
298,Mathilde
299,Curtice
300,Feodora
301,Reese
302,Ciro
303,Germana
304,Hendrika
305,Addy
306,Elisabet
307,Dominick
308,Obed
309,Christiane
310,Morlee
311,Kari
312,Leann
313,Barnie
314,Bobbie
315,Kingsly
316,Eben
317,Shirleen
318,Mela
319,Kilian
320,Emerson
321,Liuka
322,Nealson
323,Tracie
324,Fidelio
325,Meghan
326,Catlee
327,Maritsa
328,Mia
329,Kiri
330,Brunhilda
331,Reginald
332,Bronny
333,Tilda
334,Edik
335,Paulette
336,Farand
337,Cathrin
338,Martina
339,Clementina
340,Janith
341,Ricky
342,Sully
343,Jane
344,Dominik
345,Georgiana
346,Sylvia
347,Elwood
348,Dene
349,Iver
350,Fania
351,Joyan
352,Fidelio
353,Kendra
354,Ardelle
355,Charlean
356,Yuri
357,Mindy
358,Myrtice
359,Jone
360,Van
361,Amelie
362,Nate
363,Konstanze
364,Rhonda
365,Maddie
366,Maribel
367,Phillipp
368,Colby
369,Prue
370,Lionel
371,Margaretha
372,Karoly
373,Mathe
374,Betteanne
375,Dixie
376,Karlotta
377,Betti
378,Terri-jo
379,Yettie
380,Corbet
381,Bryan
382,Morty
383,Antonietta
384,Jacenta
385,Olive
386,Milli
387,Giana
388,Jeannie
389,Thatcher
390,Effie
391,Amy
392,Ivory
393,Haley
394,Lilia
395,Tommy
396,Tomaso
397,Torin
398,Juli
399,Kali
400,Henriette
401,Russ
402,Sean
403,Celestine
404,Angelita
405,Raquela
406,Bank
407,Georgia
408,Isa
409,Clemmy
410,Billye
411,Petronille
412,Karna
413,Agna
414,Hattie
415,Elsie
416,Thedric
417,Kiri
418,Ches
419,Daryn
420,Alberto
421,Auroora
422,Verla
423,Vikki
424,Rea
425,Brunhilda
426,Fernando
427,Shae
428,Gertie
429,Bernarr
430,Dorian
431,Elayne
432,Jereme
433,Giovanni
434,Herbie
435,Jarad
436,Christen
437,Lura
438,Rossie
439,Debor
440,Aldous
441,Austina
442,Alvan
443,Kit
444,Julienne
445,Guenna
446,Ruthy
447,Diahann
448,Lory
449,Murdock
450,Rona
451,Denney
452,Abdel
453,Em
454,Joeann
455,Duff
456,Inger
457,Myrvyn
458,Avery
459,Brig
460,Robers
461,Jessie
462,Waldon
463,Corabel
464,Caty
465,Guthry
466,Maribelle
467,Husain
468,Aloisia
469,Ignazio
470,Danila
471,Shelli
472,Karly
473,Eudora
474,Kilian
475,Arabele
476,Craig
477,Raff
478,Vinnie
479,Flynn
480,Harrietta
481,Doralynn
482,Claudia
483,Nicholas
484,Osbourne
485,Rouvin
486,Ros
487,Karine
488,Timothy
489,Curry
490,Cassie
491,Marj
492,Dominica
493,Samuel
494,Virgil
495,Dulce
496,Eloise
497,Alfred
498,Akim
499,Currie
500,Godiva
501,Pernell
502,Rip
503,Trixie
504,Babb
505,Petra
506,Olvan
507,Jeralee
508,Reynolds
509,Michel
510,Carlita
511,Bernadine
512,Grove
513,Adlai
514,Dixie
515,Biddy
516,Zacherie
517,Tobi
518,Hildagard
519,Rene
520,Robbin
521,Dallon
522,Ava
523,Abbe
524,Melonie
525,Agnola
526,Ebony
527,Georgi
528,Delores
529,Bentlee
530,Adore
531,Erena
532,Ashly
533,Braden
534,Valerye
535,Stella
536,Mayor
537,Vergil
538,August
539,Barnard
540,Christean
541,Bev
542,Kenyon
543,Nial
544,Quinton
545,Bink
546,Chelsea
547,Nanni
548,Querida
549,Vina
550,Chelsie
551,Nelie
552,Kristian
553,Justinian
554,Georgia
555,Annelise
556,Edith
557,Theodor
558,Barron
559,Tracy
560,Artair
561,Itch
562,Annelise
563,Morry
564,Jae
565,Mead
566,Charmian
567,Madelon
568,Shannon
569,Derby
570,Mahala
571,Klarrisa
572,Murdock
573,Hersch
574,Kirsteni
575,Lucie
576,Lyn
577,Jillane
578,Red
579,Kevon
580,Wilmar
581,Yulma
582,Mylo
583,Ario
584,Archie
585,Kenna
586,Broddy
587,Pryce
588,Michele
589,Elmore
590,Udale
591,Chrissie
592,Casi
593,Michail
594,Debbie
595,Emelia
596,Patrizia
597,Hortense
598,Jermaine
599,Madelle
600,Blinni
601,Dan
602,Eadie
603,Ursola
604,Lynne
605,Elsbeth
606,Madalyn
607,Kippie
608,Sebastien
609,Moss
610,Shepherd
611,Elset
612,Tamera
613,Shel
614,Hedda
615,Crista
616,Linette
617,Willette
618,Gradey
619,Clemente
620,Jennilee
621,Jyoti
622,Tome
623,Cheslie
624,Thornton
625,Lyn
626,Alric
627,Laura
628,Hewie
629,Clemmie
630,Tammy
631,Janet
632,Hildagard
633,Simona
634,Wallis
635,Tisha
636,Colver
637,Britt
638,Grenville
639,Daile
640,Jamie
641,Sheilakathryn
642,Norri
643,Lefty
644,Oswald
645,Jorry
646,Pat
647,Adey
648,Hayley
649,Tybalt
650,Christiana
651,Ethelin
652,Finlay
653,Preston
654,Bert
655,Ely
656,Thalia
657,Fabien
658,Mela
659,Petronille
660,Ossie
661,Lela
662,Corinne
663,Lavena
664,Hasheem
665,Sandy
666,Arleta
667,Engracia
668,Analise
669,Heall
670,Johann
671,Leandra
672,Rockey
673,Roxie
674,Shanna
675,Isabella
676,Amity
677,Alfi
678,Theda
679,Lloyd
680,Huey
681,Curr
682,Jolee
683,Lilly
684,Shina
685,Ailyn
686,Kelley
687,Marcelo
688,Gaby
689,Mattias
690,Syman
691,Cyndi
692,Jean
693,Aimee
694,Dore
695,Felicdad
696,Ottilie
697,Avram
698,Cletus
699,Dynah
700,Alysia
701,Butch
702,Leon
703,Brynn
704,Ambrose
705,Adella
706,Buddy
707,Quill
708,Grissel
709,Cindy
710,Stearne
711,Fran
712,Mireielle
713,Vance
714,Krysta
715,Angie
716,Morgen
717,Zed
718,Maryl
719,Lew
720,Alwin
721,Sully
722,Roberto
723,Calla
724,Ernesta
725,Galven
726,Luella
727,Elsa
728,Filip
729,Viki
730,Cosmo
731,Sarita
732,Darb
733,Amie
734,Neda
735,Nicolais
736,Ezri
737,Amelia
738,Gal
739,Davine
740,Valerye
741,Modestine
742,Reinald
743,Marylou
744,Editha
745,Marrissa
746,Mikael
747,Cassondra
748,Egan
749,Issy
750,Jo-anne
751,Darill
752,Roscoe
753,Marillin
754,Phyllys
755,Dana
756,Nonnah
757,Carter
758,Julie
759,Sayres
760,Emerson
761,Roscoe
762,Sara
763,Ade
764,Debora
765,Regine
766,Renado
767,Ben
768,Brien
769,Hedvig
770,Urbano
771,Kristal
772,Olav
773,Blinni
774,Karil
775,Foster
776,Dall
777,Tabbatha
778,Norah
779,Antin
780,Yolanda
781,Xylina
782,Analise
783,Kenton
784,Cly
785,Constantino
786,Mellie
787,Barbi
788,Klaus
789,Rooney
790,Reggi
791,Floria
792,Annadiane
793,Carmencita
794,Kay
795,Nerissa
796,Gwendolyn
797,Lina
798,Reg
799,Wilek
800,Fiorenze
801,Gusta
802,Emmy
803,Daphne
804,Avery
805,Rikki
806,Leisha
807,Robb
808,Novelia
809,Sella
810,Lorne
811,Merilee
812,Germaine
813,Geneva
814,Flin
815,Waring
816,Sybil
817,Valaria
818,Rozalie
819,Cordy
820,Daveta
821,Nicolais
822,Janeva
823,Kalinda
824,Peter
825,Briny
826,Page
827,Ara
828,Adrian
829,Con
830,Keary
831,Gardner
832,Teena
833,Robyn
834,Lorita
835,Maia
836,Willard
837,Aubine
838,Mateo
839,Issi
840,Harriett
841,Lynett
842,Lorita
843,Bernard
844,Lemar
845,Lemar
846,Thorn
847,Niles
848,Abbye
849,Brooks
850,Ruben
851,Rosanna
852,Dav
853,Loella
854,Paola
855,Giff
856,Sisely
857,Ira
858,Amie
859,Rebecca
860,Avery
861,Kaitlin
862,Hildagarde
863,Rip
864,Dallis
865,Thoma
866,Orelle
867,Stafani
868,Ernest
869,Gabriello
870,Anette
871,Carmine
872,Danna
873,Rebekkah
874,Orella
875,Lorrayne
876,Husein
877,Raphaela
878,Ulysses
879,Veronike
880,Loydie
881,Karol
882,Caspar
883,Denys
884,Clair
885,Karrie
886,Gianni
887,Oralee
888,Joya
889,Hardy
890,Sada
891,Gene
892,Huntington
893,Brod
894,Cal
895,Marnie
896,Berri
897,Anabella
898,Siobhan
899,Killie
900,Cornelia
901,Laryssa
902,Melinda
903,Cortie
904,Bertram
905,Nealy
906,Fionna
907,Berri
908,Jilleen
909,Nelle
910,Hally
911,Lazarus
912,Florrie
913,Madelin
914,Alyse
915,Eba
916,Camilla
917,Ingamar
918,Mirabel
919,De witt
920,Sanderson
921,Daveta
922,Juieta
923,Timofei
924,Elliot
925,Jenn
926,Annora
927,Auria
928,Benn
929,Charmaine
930,Morris
931,Bria
932,Karylin
933,Rosabella
934,Damian
935,Magnum
936,Arlana
937,Ellerey
938,Jeremie
939,Zelig
940,Ikey
941,Madella
942,Phillipp
943,Modestine
944,Caresa
945,Olva
946,Shandy
947,Patin
948,Niccolo
949,Huntley
950,Werner
951,Nanine
952,Kaleena
953,Thatcher
954,Florie
955,Ardelis
956,Irwin
957,Valenka
958,Carlin
959,Ware
960,Cyndi
961,Zita
962,Doria
963,Marsh
964,Devlin
965,Dirk
966,Torry
967,Nalani
968,Mariette
969,Augusta
970,Gualterio
971,Rice
972,Henrietta
973,Hadlee
974,Minne
975,Dorian
976,Martita
977,Mortimer
978,Craig
979,Wilfred
980,Darcie
981,Camille
982,Madalena
983,Heinrik
984,Bonnee
985,Matthew
986,Hamlin
987,Rourke
988,Carrissa
989,Kala
990,Susi
991,Tasia
992,Abby
993,Joice
994,Hettie
995,Drucill
996,Mickie
997,Mariska
998,Luis
999,Lizabeth
1000,Catherin
